SQL Table

Create Table

SYNTAX

CREATE TABLE table_name (
  column1 datatype,
  column2 datatype,
  column3 datatype,
  ...
  columnN datatype
);



Example
Let us create a table named CUSTOMERS with the following columns:

ID: Customer ID (integer), not null
NAME: Customer name (text), not null
AGE: Customer age (integer), not null
ADDRESS: Customer address (fixed length text)
SALARY: Customer salary (decimal number)


mysql> Create table customers(
    -> ID int not null,
    -> Name Varchar(20) not null,
    -> age int not null,
    -> address char(25),
    -> salary decimal(18,2));

mysql> show tables;
+-----------------------+
| Tables_in_personal_db |
+-----------------------+
| BUYERS                |
| calendar              |
| CUSTOMERS1            |
| customers4            |
| SALARY                |
+-----------------------+
5 rows in set (0.007 sec)


mysql> desc customers;
+---------+---------------+------+-----+---------+-------+
| Field   | Type          | Null | Key | Default | Extra |
+---------+---------------+------+-----+---------+-------+
| ID      | int           | NO   |     | NULL    |       |
| Name    | varchar(20)   | NO   |     | NULL    |       |
| age     | int           | NO   |     | NULL    |       |
| address | char(25)      | YES  |     | NULL    |       |
| salary  | decimal(18,2) | YES  |     | NULL    |       |
+---------+---------------+------+-----+---------+-------+
5 rows in set (0.005 sec)



mysql> SHOW TABLES;
+-----------------------+
| Tables_in_personal_db |
+-----------------------+
| CALENDAR              |
| CUSTOMERS             |
+-----------------------+
2 rows in set (0.007 sec)




Example
Let us create the CUSTOMERS table again, this time with the ID column as the primary key:

mysql> create table customers1(
    -> id int not null primary key,
    -> name varchar(20) not null,
    -> email varchar(50) not null,
    -> age int not null,
    -> address char(25) not null,
    -> salary decimal(18,2)
    -> );

OR

-> ALTER TABLE customers
-> MODIFY ID INT NOT NULL PRIMARY KEY;


mysql> CREATE TABLE CUSTOMERS1 (    ID       INT NOT NULL PRIMARY KEY,    NAME     VARCHAR(20) NOT NULL,    AGE      INT NOT NULL,    ADDRESS  CHAR(25),    SALARY   DECIMAL(18, 2) );
Query OK, 0 rows affected (0.017 sec)

mysql> SHOW TABLES;
+-----------------------+
| Tables_in_personal_db |
+-----------------------+
| CALENDAR              |
| CUSTOMERS             |
| CUSTOMERS1            |
+-----------------------+
3 rows in set (0.004 sec)

mysql> DESC CUSTOMERS1

mysql> DESC CUSTOMERS1;
+---------+---------------+------+-----+---------+-------+
| Field   | Type          | Null | Key | Default | Extra |
+---------+---------------+------+-----+---------+-------+
| ID      | int           | NO   | PRI | NULL    |       |
| NAME    | varchar(20)   | NO   |     | NULL    |       |
| AGE     | int           | NO   |     | NULL    |       |
| ADDRESS | char(25)      | YES  |     | NULL    |       |
| SALARY  | decimal(18,2) | YES  |     | NULL    |       |
+---------+---------------+------+-----+---------+-------+
5 rows in set (0.005 sec)

mysql>




SQL CREATE TABLE IF NOT EXISTS

Syntax
Following is the basic syntax of a CREATE TABLE IF NOT EXISTS statement:

CREATE TABLE IF NOT EXISTS table_name(
   column1 datatype,
   column2 datatype,
   column3 datatype,
   .....
   columnN datatype,
   PRIMARY KEY( one or more columns )
);


CREATE TABLE IF NOT EXISTS CUSTOMERS (
   ID       INT NOT NULL,
   NAME     VARCHAR(20) NOT NULL,
   AGE      INT NOT NULL,
   ADDRESS  CHAR(25),
   SALARY   DECIMAL(18, 2),
   PRIMARY KEY (ID)
);

mysql> show warnings;
+-------+------+----------------------------------+
| Level | Code | Message                          |
+-------+------+----------------------------------+
| Note  | 1050 | Table 'customers' already exists |
+-------+------+----------------------------------+
1 row in set (0.001 sec)

mysql> 



CREATE TABLE Using Another Table
Instead of creating a completely new table from scratch, you can also create a table by copying the structure and/or data from an existing table. This is helpful when you want to clone or back up part of a table quickly.

Syntax
The basic syntax for creating a table from another table in SQL is as follows:

CREATE TABLE NEW_TABLE_NAME AS
SELECT [column1, column2...columnN]
FROM EXISTING_TABLE_NAME
WHERE Condition;
This command will:

Create a new table with the same columns as the selected fields
Copy all the matching data rows into the new table

mysql> create table new_customers as
    -> select * from customers1;
Query OK, 0 rows affected (0.023 sec)
Records: 0  Duplicates: 0  Warnings: 0
s

CREATE TABLE SALARY AS
SELECT ID, SALARY
FROM CUSTOMERS;

mysql> DESC CUSTOMERS1;
+---------+---------------+------+-----+---------+-------+
| Field   | Type          | Null | Key | Default | Extra |
+---------+---------------+------+-----+---------+-------+
| ID      | int           | NO   | PRI | NULL    |       |
| NAME    | varchar(20)   | NO   |     | NULL    |       |
| AGE     | int           | NO   |     | NULL    |       |
| ADDRESS | char(25)      | YES  |     | NULL    |       |
| SALARY  | decimal(18,2) | YES  |     | NULL    |       |
+---------+---------------+------+-----+---------+-------+
5 rows in set (0.005 sec)

mysql> CREATE TABLE SALARY AS
    -> SELECT ID, SALARY
    -> FROM CUSTOMERS;
Query OK, 0 rows affected (0.019 sec)
Records: 0  Duplicates: 0  Warnings: 0

mysql> desc new_salary;
+--------+---------------+------+-----+---------+-------+
| Field  | Type          | Null | Key | Default | Extra |
+--------+---------------+------+-----+---------+-------+
| id     | int           | NO   |     | NULL    |       |
| salary | decimal(18,2) | YES  |     | NULL    |       |
+--------+---------------+------+-----+---------+-------+
2 rows in set (0.005 sec)

mysql> 


mysql> show tables;
+-----------------------+
| Tables_in_personal_db |
+-----------------------+
| CALENDAR              |
| CUSTOMERS             |
| CUSTOMERS1            |
| SALARY                |
+-----------------------+
4 rows in set (0.004 sec)

mysql> 




Important Points for Creating a Table
Following are the important points to remember when creating a table in SQL:

Table names should be meaningful and unique within the same database.
Use clear and descriptive column names like FIRST_NAME (not 1stname), AGE, SALARY.
Choose correct data types for each column. For example, use DECIMAL for currency, VARCHAR for names, and INT for IDs or ages.
Always use PRIMARY KEY for identifying records uniquely.

